epoch,accuracy,auc,false_negatives,false_positives,loss,precision,recall,true_negatives,true_positives,val_accuracy,val_auc,val_false_negatives,val_false_positives,val_loss,val_precision,val_recall,val_true_negatives,val_true_positives
0,0.5199999809265137,0.5172594785690308,178.0,206.0,1.143945574760437,0.5198135375976562,0.5561097264289856,193.0,223.0,0.5989999771118164,0.6281079649925232,137.0,264.0,0.6876366138458252,0.5789473652839661,0.7260000109672546,236.0,363.0
0,0.4987500011920929,0.5020224452018738,131.0,270.0,1.1394877433776855,0.49248120188713074,0.6666666865348816,137.0,262.0,0.5,0.628730058670044,0.0,500.0,0.7238513231277466,0.5,1.0,0.0,500.0
0,0.4975000023841858,0.49456942081451416,236.0,166.0,0.8540042638778687,0.4557377099990845,0.37066665291786194,259.0,139.0,0.5090000033378601,0.5242120623588562,75.0,416.0,0.6923936605453491,0.5053507685661316,0.8500000238418579,84.0,425.0
0,0.5087500214576721,0.5068319439888,195.0,198.0,1.1601654291152954,0.5135135054588318,0.5173267126083374,198.0,209.0,0.5120000243186951,0.6311519145965576,5.0,483.0,0.6892078518867493,0.5061349868774414,0.9900000095367432,17.0,495.0
0,0.5350000262260437,0.561965823173523,136.0,236.0,0.7818240523338318,0.5345167517662048,0.665847659111023,157.0,271.0,0.5009999871253967,0.6582540273666382,1.0,498.0,0.6845088005065918,0.5005015134811401,0.9980000257492065,2.0,499.0
0,0.5024999976158142,0.5146133899688721,138.0,260.0,0.8771542906761169,0.5047619342803955,0.6575682163238525,137.0,265.0,0.5,0.6600180268287659,0.0,500.0,0.6878244280815125,0.5,1.0,0.0,500.0
