epoch,accuracy,auc,false_negatives,false_positives,loss,precision,recall,true_negatives,true_positives,val_accuracy,val_auc,val_false_negatives,val_false_positives,val_loss,val_precision,val_recall,val_true_negatives,val_true_positives
0,0.5049999952316284,0.49819061160087585,178.0,218.0,1.0983673334121704,0.5034168362617493,0.5538846850395203,183.0,221.0,0.5,0.6369900107383728,0.0,500.0,0.7439463138580322,0.5,1.0,0.0,500.0
1,0.5224999785423279,0.5138146281242371,164.0,218.0,0.6961723566055298,0.5250544548034668,0.595061719417572,177.0,241.0,0.5260000228881836,0.6531919836997986,6.0,468.0,0.6836085319519043,0.5135135054588318,0.9879999756813049,32.0,494.0
