epoch,accuracy,auc,false_negatives,false_positives,loss,precision,recall,true_negatives,true_positives,val_accuracy,val_auc,val_false_negatives,val_false_positives,val_loss,val_precision,val_recall,val_true_negatives,val_true_positives
0,0.5,0.48411694169044495,150.0,250.0,0.9846106767654419,0.5088408589363098,0.6332518458366394,141.0,259.0,0.5809999704360962,0.6233599781990051,172.0,247.0,0.6884960532188416,0.5704348087310791,0.656000018119812,253.0,328.0
0,0.5137500166893005,0.5072856545448303,208.0,181.0,1.685491681098938,0.4857954680919647,0.4511873424053192,240.0,171.0,0.5889999866485596,0.6326519846916199,193.0,218.0,0.6863349676132202,0.584761917591095,0.6140000224113464,282.0,307.0
0,0.5024999976158142,0.4951554536819458,173.0,225.0,0.8562676310539246,0.4966442883014679,0.5620253086090088,180.0,222.0,0.503000020980835,0.6527620553970337,6.0,491.0,0.6875243782997131,0.5015228390693665,0.9879999756813049,9.0,494.0
0,0.5199999809265137,0.5086383819580078,186.0,198.0,1.068790316581726,0.5147058963775635,0.5303030014038086,206.0,210.0,0.5199999809265137,0.6077620387077332,20.0,460.0,0.6885377764701843,0.5106382966041565,0.9599999785423279,40.0,480.0
0,0.5099999904632568,0.500514805316925,117.0,275.0,1.2493469715118408,0.5299145579338074,0.7259953022003174,98.0,310.0,0.5120000243186951,0.6135600209236145,4.0,484.0,0.6897523999214172,0.5061224699020386,0.9919999837875366,16.0,496.0
