epoch,loss,mae,val_loss,val_mae
0,0.17113395035266876,0.17113395035266876,0.15687435865402222,0.15687435865402222
1,0.11577669531106949,0.11577669531106949,0.1594262272119522,0.1594262272119522
2,0.10912084579467773,0.10912084579467773,0.19881349802017212,0.19881349802017212
